"#","title","url","authors","publisher","year","summary","note","contributor","tags","places"
"1","Leverage Points: Places to Intervene in a System","https://donellameadows.org/archives/leverage-points-places-to-intervene-in-a-system/","Donella Meadows","The Donella Meadows Project","1999","Useful framing for regenerative design which considers how to understand and intervene in complex systems. It describes twelve places to intervene in a system- foundational text for why regenerative work is rarely a technical problem but a systems problem.","","","Systems thinking; Regenerative systems; Essay; Planetary; Framework","Global"
"2","Shifting from 'sustainability' to regeneration","https://doi.org/10.1080/09613210701475753","Bill Reed","Building Research & Information","2007","The paper that drew the trajectory from degenerative through neutral to regenerative practice, and argued that doing less harm is not a destination.","","","Definition; Regenerative systems; Paper; Building; Diagrams","Global"
"3","Regenesis Group","https://regenesisgroup.com/","Pamela Mang, Bill Reed, Ben Haggard","Regenesis","1995","The practice that developed story-of-place as a working method: read the living system of a site before proposing anything, and design so the place can keep evolving.","","","Regenerative systems; Place; Living systems; Framework; Storytelling","Global"
"4","Circular Economy Introduction","https://www.ellenmacarthurfoundation.org/topics/circular-economy-introduction/overview","Ellen MacArthur Foundation","Ellen MacArthur Foundation","2013","The butterfly diagram and the three principles — eliminate waste, circulate materials, regenerate nature. On of the most-borrowed diagrams in the field.","","","Circular economy; Materials; Diagrams; Framework; Economics","Global"
"5","Doughnut Economics Action Lab","https://doughnuteconomics.org/","Kate Raworth and DEAL","DEAL","2019","Tools for working between the social foundation and the ecological ceiling, including the city portrait method used to downscale planetary boundaries to a place.","","","Economics; Planetary; City; Toolkit; Justice","Global"
"6","Planetary Boundaries","https://www.stockholmresilience.org/research/planetary-boundaries.html","Johan Rockström, Will Steffen and colleagues","Stockholm Resilience Centre","2009","Definition and of the nine processes that regulate the stability of the Earth systems, and how far we already transgressed several of them. The ceiling that regenerative targets are measured against.","","","Planetary; Ecology; Measurement; Diagrams; Climate adaptation","Global"
"7","AskNature","https://asknature.org/","The Biomimicry Institute","Biomimicry Institute","2008","A searchable library of biological strategies indexed by the design function they address — how does nature manage water, resist fracture, cool itself.","","","Biomimicry; Ecology; Dataset; Product; Toolkit","Global"
"8","Biomimicry 3.8","https://biomimicry.net/","Janine Benyus and colleagues","Biomimicry 3.8","1998","Consultancy behind Ecological Performance Standards, which set a project's targets from what the intact local ecosystem would do on that same ground.","","","Biomimicry; Measurement; Place; Standard; Ecology","Global"
"9","Living Building Challenge","https://living-future.org/lbc/","International Living Future Institute","ILFI","2006","A certification organised as seven petals and judged on measured performance over twelve months of occupation, not on prediction.","","","Standard; Building; Regenerative systems; Measurement; Health","Global"
"10","Cradle to Cradle Certified","https://c2ccertified.org/","Cradle to Cradle Products Innovation Institute","C2C PII","2010","Product standard built on McDonough and Braungart's argument that waste is a design error — material health, circularity, clean air, water, social fairness.","","","Circular economy; Materials; Product; Standard; Health","Global"
"11","14 Patterns of Biophilic Design","https://www.terrapinbrightgreen.com/reports/14-patterns/","William Browning, Catherine Ryan, Joseph Clancy","Terrapin Bright Green","2014","Fourteen named, evidenced patterns for putting nature into buildings, each with the health outcome it is associated with.","","","Health; Pattern language; Building; Guidance; Ecology","Global"
"12","Carbon Leadership Forum","https://carbonleadershipforum.org/","Carbon Leadership Forum","University of Washington","2010","Open research and open data on embodied carbon, including the EC3 tool and the material baselines most whole-life assessments are compared against.","","","Carbon; Life-cycle assessment; Materials; Dataset; Measurement","USA"
"13","RIBA 2030 Climate Challenge","https://www.architecture.com/about/policy/climate-action/2030-climate-challenge","Royal Institute of British Architects","RIBA","2019","Stepped targets to 2030 for operational energy, embodied carbon and potable water, given per square metre so projects can be held to them.","","","Carbon; Measurement; Building; Guidance; Energy","UK"
"14","LETI","https://www.leti.uk/","Low Energy Transformation Initiative","LETI","2017","Volunteer-built guidance, the Climate Emergency Design Guide and the Embodied Carbon Primer, that turned UK net-zero targets into numbers a design team can work to.","","","Carbon; Energy; Guidance; Building; Retrofit","UK"
"15","UK Green Building Council","https://ukgbc.org/","UKGBC","UKGBC","2007","Home of the UK Net Zero Carbon Buildings Framework and the whole-life carbon roadmap for the sector.","","","Carbon; Governance; Framework; Building; Measurement","UK"
"16","Buildings As Material Banks","https://www.bamb2020.eu/","BAMB consortium","EU Horizon 2020","2015","The project that developed material passports and reversible building design — treating a building as a temporary arrangement of materials that must be recoverable.","","","Reuse; Materials; Circular economy; Building; Toolkit","Europe"
"17","Circularity Gap Report","https://www.circularity-gap.world/","Circle Economy","Circle Economy","2018","An annual measurement of what share of the global economy is actually circular.","","","Circular economy; Measurement; Planetary; Report; Economics","Global"
"18","Material Cultures","https://materialcultures.org/","Material Cultures","Material Cultures","2019","Research and practice rebuilding a construction culture around bio-based materials grown in the landscapes that surround a site — straw, hemp, timber, earth.","","","Bio-based; Materials; Straw; Place; Case study","UK"
"19","Project Drawdown Solutions","https://drawdown.org/solutions","Project Drawdown","Project Drawdown","2017","Climate solutions ranked by modelled emissions impact, with the assumptions published — useful precisely because it lets you argue with the ranking.","","","Carbon; Modelling; Dataset; Planetary; Measurement","Global"
"20","Global Footprint Network","https://www.footprintnetwork.org/","Global Footprint Network","Global Footprint Network","2003","Ecological footprint and biocapacity accounts by country — the source behind Earth Overshoot Day and most one-planet framings.","","","Measurement; Dataset; Planetary; Ecology; Economics","Global"
"21","One Planet Living","https://www.bioregional.com/one-planet-living","Bioregional","Bioregional","2003","Ten principles for living within one planet's resources, developed through BedZED and used since as a masterplanning framework.","","","Framework; Neighbourhood; Community; Case study; Planetary","Global"
"22","Pattern Language and The Nature of Order","https://www.patternlanguage.com/","Christopher Alexander","Center for Environmental Structure","1977","Alexander's argument that living structure emerges from repeated, named, locally-adapted moves — the ancestor of most attempts to write design knowledge down.","","","Pattern language; Living systems; Book; Building; Community","Global"
"23","Braiding Sweetgrass","https://milkweed.org/book/braiding-sweetgrass","Robin Wall Kimmerer","Milkweed Editions","2013","Indigenous knowledge and plant science held together. The honourable harvest as a working ethic for taking anything from a living system.","","","Indigenous knowledge; Ecology; Book; Justice; Storytelling","North America"
"24","Rewilding Britain","https://www.rewildingbritain.org.uk/","Rewilding Britain","Rewilding Britain","2015","Case studies and evidence for letting land recover its own processes, at the scale where ecological function actually returns.","","","Biodiversity; Bioregion; Ecology; Case study; Soil","UK"
"25","New European Bauhaus","https://new-european-bauhaus.europa.eu/","European Commission","European Commission","2020","The EU's attempt to bind the Green Deal to beauty, sustainability and community — and a live argument about whether aesthetics belong in climate policy.","","","Governance; Community; City; Framework; Justice","Europe"
"26","Passivhaus Trust","https://www.passivhaustrust.org.uk/","Passivhaus Trust","Passivhaus Trust","2010","The UK body for the Passivhaus standard — fabric-first energy performance verified by measurement rather than modelled intent.","","","Energy; Standard; Building; Retrofit; Measurement","UK"
"27","RMI","https://rmi.org/","Rocky Mountain Institute","RMI","1982","Independent research on energy transition, from deep retrofit economics to embodied carbon in construction materials.","","","Energy; Carbon; Report; Retrofit; Economics","USA"
"28","Architects Climate Action Network","https://www.architectscan.org/","ACAN","ACAN","2019","Organising within the architecture profession — retrofit-first campaigning, embodied carbon regulation, and the argument for building less.","","","Degrowth; Governance; Community; Retrofit; Justice","UK"
