"label","kind","meaning"
"Regenerative systems","Themes","Whole-system thinking that leaves places healthier than it found them."
"Living systems","Themes","Buildings and places understood as living, nested wholes."
"Definition","Themes","Texts that argue what regenerative actually means."
"Circular economy","Themes","Keeping materials in use, designing out waste."
"Biomimicry","Themes","Design that learns from how nature makes and adapts."
"Carbon","Themes","Embodied and operational carbon, drawdown, accounting."
"Biodiversity","Themes","Habitat, net gain, more-than-human inhabitants."
"Soil","Themes","Soil health, agriculture, ground as a living body."
"Water","Themes","Catchment, flooding, water as a design system."
"Energy","Themes","Demand, supply, and the metabolism of buildings."
"Place","Themes","Working from the specific character of a site."
"Community","Themes","Who a project is for and who decides."
"Governance","Themes","Policy, procurement, ownership, regulation."
"Economics","Themes","Value, cost, and the economic models underneath."
"Indigenous knowledge","Themes","Land relationships that long predate the field."
"Climate adaptation","Themes","Designing for the climate that is arriving."
"Degrowth","Themes","Sufficiency, limits, building less."
"Health","Themes","Human wellbeing, air, light, comfort, toxicity."
"Ecology","Themes","Ecosystem function and succession as design grounding."
"Justice","Themes","Who carries the cost and who receives the benefit."
"Materials","Materials","Material culture, sourcing, specification."
"Bio-based","Materials","Materials grown rather than extracted."
"Timber","Materials","Forestry, engineered timber, wood construction."
"Earth","Materials","Rammed earth, cob, clay, unfired ground."
"Straw","Materials","Straw bale and agricultural fibre construction."
"Hemp","Materials","Hempcrete and hemp fibre."
"Mycelium","Materials","Grown fungal composites."
"Stone","Materials","Load-bearing and low-processing stone."
"Concrete","Materials","Cement, its emissions, and its alternatives."
"Steel","Materials","Steel production, reuse and substitution."
"Reuse","Materials","Salvage, second life, material passports."
"Waste","Materials","Demolition, arisings, and what we throw away."
"Life-cycle assessment","Methods","LCA, EPDs, whole-life measurement."
"Measurement","Methods","Metrics, targets, benchmarks, verification."
"Mapping","Methods","Making the invisible legible — flows, ownership, ecology."
"Participatory design","Methods","Co-design, deliberation, shared authorship."
"Retrofit","Methods","Working with what already stands."
"Modelling","Methods","Simulation, scenarios, digital tools."
"Systems thinking","Methods","Feedback, leverage, stocks and flows."
"Pattern language","Methods","Repeatable, named design moves."
"Storytelling","Methods","Narrative as a way of shifting practice."
"Product","Scales","Objects, components, assemblies."
"Building","Scales","The single building as the unit of work."
"Neighbourhood","Scales","Blocks, streets, shared ground."
"City","Scales","Urban systems and municipal scale."
"Bioregion","Scales","Watershed and landscape scale."
"Planetary","Scales","Global boundaries and budgets."
"Paper","Formats","Peer-reviewed or academic writing."
"Report","Formats","Institutional or industry publication."
"Book","Formats","Book-length work."
"Essay","Formats","Shorter argued writing."
"Framework","Formats","A structure for organising practice."
"Diagrams","Formats","Work whose value is in how it draws the idea."
"Case study","Formats","A built or attempted project, examined."
"Guidance","Formats","Practical how-to for practitioners."
"Standard","Formats","Certification, protocol, formal requirement."
"Toolkit","Formats","Something you use, not only read."
"Dataset","Formats","Open data and databases."
"Talk","Formats","Lecture, film, podcast, recorded conversation."
"Glossary","Formats","Vocabulary and terminology work."
"Global","Locations","Not bound to one place — planetary in scope, or read the same anywhere."
"Africa","Locations","Grounded in Africa."
"Asia","Locations","Grounded in Asia."
"Europe","Locations","Grounded in Europe."
"North America","Locations","Grounded in North America, Central America and the Caribbean."
"South America","Locations","Grounded in South America."
"Oceania","Locations","Grounded in Australia, Aotearoa New Zealand and the Pacific."
"Algeria","Locations","Grounded in Algeria."
"Angola","Locations","Grounded in Angola."
"Benin","Locations","Grounded in Benin."
"Botswana","Locations","Grounded in Botswana."
"Burkina Faso","Locations","Grounded in Burkina Faso."
"Burundi","Locations","Grounded in Burundi."
"Cabo Verde","Locations","Grounded in Cabo Verde."
"Cameroon","Locations","Grounded in Cameroon."
"Central African Republic","Locations","Grounded in the Central African Republic."
"Chad","Locations","Grounded in Chad."
"Comoros","Locations","Grounded in the Comoros."
"Congo","Locations","Grounded in the Republic of the Congo."
"DR Congo","Locations","Grounded in the Democratic Republic of the Congo."
"Côte d'Ivoire","Locations","Grounded in Côte d'Ivoire."
"Djibouti","Locations","Grounded in Djibouti."
"Egypt","Locations","Grounded in Egypt."
"Equatorial Guinea","Locations","Grounded in Equatorial Guinea."
"Eritrea","Locations","Grounded in Eritrea."
"Eswatini","Locations","Grounded in Eswatini."
"Ethiopia","Locations","Grounded in Ethiopia."
"Gabon","Locations","Grounded in Gabon."
"Gambia","Locations","Grounded in the Gambia."
"Ghana","Locations","Grounded in Ghana."
"Guinea","Locations","Grounded in Guinea."
"Guinea-Bissau","Locations","Grounded in Guinea-Bissau."
"Kenya","Locations","Grounded in Kenya."
"Lesotho","Locations","Grounded in Lesotho."
"Liberia","Locations","Grounded in Liberia."
"Libya","Locations","Grounded in Libya."
"Madagascar","Locations","Grounded in Madagascar."
"Malawi","Locations","Grounded in Malawi."
"Mali","Locations","Grounded in Mali."
"Mauritania","Locations","Grounded in Mauritania."
"Mauritius","Locations","Grounded in Mauritius."
"Morocco","Locations","Grounded in Morocco."
"Mozambique","Locations","Grounded in Mozambique."
"Namibia","Locations","Grounded in Namibia."
"Niger","Locations","Grounded in Niger."
"Nigeria","Locations","Grounded in Nigeria."
"Rwanda","Locations","Grounded in Rwanda."
"São Tomé and Príncipe","Locations","Grounded in São Tomé and Príncipe."
"Senegal","Locations","Grounded in Senegal."
"Seychelles","Locations","Grounded in the Seychelles."
"Sierra Leone","Locations","Grounded in Sierra Leone."
"Somalia","Locations","Grounded in Somalia."
"South Africa","Locations","Grounded in South Africa."
"South Sudan","Locations","Grounded in South Sudan."
"Sudan","Locations","Grounded in Sudan."
"Tanzania","Locations","Grounded in Tanzania."
"Togo","Locations","Grounded in Togo."
"Tunisia","Locations","Grounded in Tunisia."
"Uganda","Locations","Grounded in Uganda."
"Zambia","Locations","Grounded in Zambia."
"Zimbabwe","Locations","Grounded in Zimbabwe."
"Afghanistan","Locations","Grounded in Afghanistan."
"Armenia","Locations","Grounded in Armenia."
"Azerbaijan","Locations","Grounded in Azerbaijan."
"Bahrain","Locations","Grounded in Bahrain."
"Bangladesh","Locations","Grounded in Bangladesh."
"Bhutan","Locations","Grounded in Bhutan."
"Brunei","Locations","Grounded in Brunei."
"Cambodia","Locations","Grounded in Cambodia."
"China","Locations","Grounded in China."
"Georgia","Locations","Grounded in Georgia."
"India","Locations","Grounded in India."
"Indonesia","Locations","Grounded in Indonesia."
"Iran","Locations","Grounded in Iran."
"Iraq","Locations","Grounded in Iraq."
"Israel","Locations","Grounded in Israel."
"Japan","Locations","Grounded in Japan."
"Jordan","Locations","Grounded in Jordan."
"Kazakhstan","Locations","Grounded in Kazakhstan."
"Kuwait","Locations","Grounded in Kuwait."
"Kyrgyzstan","Locations","Grounded in Kyrgyzstan."
"Laos","Locations","Grounded in Laos."
"Lebanon","Locations","Grounded in Lebanon."
"Malaysia","Locations","Grounded in Malaysia."
"Maldives","Locations","Grounded in the Maldives."
"Mongolia","Locations","Grounded in Mongolia."
"Myanmar","Locations","Grounded in Myanmar."
"Nepal","Locations","Grounded in Nepal."
"North Korea","Locations","Grounded in North Korea."
"Oman","Locations","Grounded in Oman."
"Pakistan","Locations","Grounded in Pakistan."
"Palestine","Locations","Grounded in Palestine."
"Philippines","Locations","Grounded in the Philippines."
"Qatar","Locations","Grounded in Qatar."
"Saudi Arabia","Locations","Grounded in Saudi Arabia."
"Singapore","Locations","Grounded in Singapore."
"South Korea","Locations","Grounded in South Korea."
"Sri Lanka","Locations","Grounded in Sri Lanka."
"Syria","Locations","Grounded in Syria."
"Taiwan","Locations","Grounded in Taiwan."
"Tajikistan","Locations","Grounded in Tajikistan."
"Thailand","Locations","Grounded in Thailand."
"Timor-Leste","Locations","Grounded in Timor-Leste."
"Türkiye","Locations","Grounded in Türkiye."
"Turkmenistan","Locations","Grounded in Turkmenistan."
"United Arab Emirates","Locations","Grounded in the United Arab Emirates."
"Uzbekistan","Locations","Grounded in Uzbekistan."
"Vietnam","Locations","Grounded in Vietnam."
"Yemen","Locations","Grounded in Yemen."
"Albania","Locations","Grounded in Albania."
"Andorra","Locations","Grounded in Andorra."
"Austria","Locations","Grounded in Austria."
"Belarus","Locations","Grounded in Belarus."
"Belgium","Locations","Grounded in Belgium."
"Bosnia and Herzegovina","Locations","Grounded in Bosnia and Herzegovina."
"Bulgaria","Locations","Grounded in Bulgaria."
"Croatia","Locations","Grounded in Croatia."
"Cyprus","Locations","Grounded in Cyprus."
"Czechia","Locations","Grounded in Czechia."
"Denmark","Locations","Grounded in Denmark."
"Estonia","Locations","Grounded in Estonia."
"Finland","Locations","Grounded in Finland."
"France","Locations","Grounded in France."
"Germany","Locations","Grounded in Germany."
"Greece","Locations","Grounded in Greece."
"Hungary","Locations","Grounded in Hungary."
"Iceland","Locations","Grounded in Iceland."
"Ireland","Locations","Grounded in Ireland."
"Italy","Locations","Grounded in Italy."
"Kosovo","Locations","Grounded in Kosovo."
"Latvia","Locations","Grounded in Latvia."
"Liechtenstein","Locations","Grounded in Liechtenstein."
"Lithuania","Locations","Grounded in Lithuania."
"Luxembourg","Locations","Grounded in Luxembourg."
"Malta","Locations","Grounded in Malta."
"Moldova","Locations","Grounded in Moldova."
"Monaco","Locations","Grounded in Monaco."
"Montenegro","Locations","Grounded in Montenegro."
"Netherlands","Locations","Grounded in the Netherlands."
"North Macedonia","Locations","Grounded in North Macedonia."
"Norway","Locations","Grounded in Norway."
"Poland","Locations","Grounded in Poland."
"Portugal","Locations","Grounded in Portugal."
"Romania","Locations","Grounded in Romania."
"Russia","Locations","Grounded in Russia."
"San Marino","Locations","Grounded in San Marino."
"Serbia","Locations","Grounded in Serbia."
"Slovakia","Locations","Grounded in Slovakia."
"Slovenia","Locations","Grounded in Slovenia."
"Spain","Locations","Grounded in Spain."
"Sweden","Locations","Grounded in Sweden."
"Switzerland","Locations","Grounded in Switzerland."
"UK","Locations","Grounded in the United Kingdom."
"Ukraine","Locations","Grounded in Ukraine."
"Vatican City","Locations","Grounded in Vatican City."
"Antigua and Barbuda","Locations","Grounded in Antigua and Barbuda."
"Bahamas","Locations","Grounded in the Bahamas."
"Barbados","Locations","Grounded in Barbados."
"Belize","Locations","Grounded in Belize."
"Canada","Locations","Grounded in Canada."
"Costa Rica","Locations","Grounded in Costa Rica."
"Cuba","Locations","Grounded in Cuba."
"Dominica","Locations","Grounded in Dominica."
"Dominican Republic","Locations","Grounded in the Dominican Republic."
"El Salvador","Locations","Grounded in El Salvador."
"Grenada","Locations","Grounded in Grenada."
"Guatemala","Locations","Grounded in Guatemala."
"Haiti","Locations","Grounded in Haiti."
"Honduras","Locations","Grounded in Honduras."
"Jamaica","Locations","Grounded in Jamaica."
"Mexico","Locations","Grounded in Mexico."
"Nicaragua","Locations","Grounded in Nicaragua."
"Panama","Locations","Grounded in Panama."
"Saint Kitts and Nevis","Locations","Grounded in Saint Kitts and Nevis."
"Saint Lucia","Locations","Grounded in Saint Lucia."
"Saint Vincent and the Grenadines","Locations","Grounded in Saint Vincent and the Grenadines."
"Trinidad and Tobago","Locations","Grounded in Trinidad and Tobago."
"USA","Locations","Grounded in the United States."
"Argentina","Locations","Grounded in Argentina."
"Bolivia","Locations","Grounded in Bolivia."
"Brazil","Locations","Grounded in Brazil."
"Chile","Locations","Grounded in Chile."
"Colombia","Locations","Grounded in Colombia."
"Ecuador","Locations","Grounded in Ecuador."
"Guyana","Locations","Grounded in Guyana."
"Paraguay","Locations","Grounded in Paraguay."
"Peru","Locations","Grounded in Peru."
"Suriname","Locations","Grounded in Suriname."
"Uruguay","Locations","Grounded in Uruguay."
"Venezuela","Locations","Grounded in Venezuela."
"Australia","Locations","Grounded in Australia."
"Fiji","Locations","Grounded in Fiji."
"Kiribati","Locations","Grounded in Kiribati."
"Marshall Islands","Locations","Grounded in the Marshall Islands."
"Micronesia","Locations","Grounded in Micronesia."
"Nauru","Locations","Grounded in Nauru."
"New Zealand","Locations","Grounded in Aotearoa New Zealand."
"Palau","Locations","Grounded in Palau."
"Papua New Guinea","Locations","Grounded in Papua New Guinea."
"Samoa","Locations","Grounded in Samoa."
"Solomon Islands","Locations","Grounded in the Solomon Islands."
"Tonga","Locations","Grounded in Tonga."
"Tuvalu","Locations","Grounded in Tuvalu."
"Vanuatu","Locations","Grounded in Vanuatu."
